project_id,estimated_cost,sanctioned_amount,funds_released,expenditure,current_progress_pct,project_duration_days,days_elapsed,is_anomaly_injected,anomaly_type_injected
MPLADS-2026-0189,19561000.0,18609000.0,10750951.86,9782017.06,53,201,116,0,none
MPLADS-2026-0059,23282000.0,22967000.0,16220527.37,16220527.37,80,271,212,0,none
MPLADS-2026-0329,16496000.0,16299000.0,14205771.46,13817970.46,88,577,489,0,none
MPLADS-2026-0312,12135000.0,10942000.0,8116037.44,8116037.44,87,429,345,0,none
MPLADS-2026-0345,20727000.0,20233000.0,3034950.0,1692092.61,9,700,84,0,none
MPLADS-2026-0353,3818000.0,3681000.0,3008549.75,2638628.54,79,520,384,0,none
MPLADS-2026-0121,22758000.0,21159000.0,12794825.92,12794825.92,68,692,440,0,none
MPLADS-2026-0129,13730000.0,12958000.0,1943700.0,746520.82,6,702,41,0,none
MPLADS-2026-0176,10503000.0,9600000.0,6611744.45,5495960.9,66,128,78,0,none
MPLADS-2026-0002,17079000.0,16895000.0,14135531.24,12126461.43,84,179,152,0,none
MPLADS-2026-0402,2510000.0,2298000.0,1727108.52,1516672.36,73,247,190,0,none
MPLADS-2026-0226,11572000.0,10481000.0,1572150.0,1572150.0,17,383,40,0,none
MPLADS-2026-0078,20201000.0,19587000.0,2938050.0,1354116.59,7,565,52,0,none
MPLADS-2026-0195,16540000.0,16338000.0,5338142.19,5338142.19,35,654,221,0,none
MPLADS-2026-0410,11718000.0,10705000.0,5399652.9,5399652.9,56,96,51,0,none
MPLADS-2026-0443,7656000.0,7101000.0,2907244.81,2217808.4,34,640,296,0,none
MPLADS-2026-0207,10786000.0,10075000.0,3801657.14,3602964.85,37,468,160,0,none
MPLADS-2026-0142,12321000.0,11671000.0,2904658.06,2904658.06,35,557,149,0,none
MPLADS-2026-0190,1562000.0,1528000.0,747610.61,623099.47,41,623,309,0,none
MPLADS-2026-0415,9443000.0,9379000.0,8452066.92,8452066.92,97,294,280,0,none
MPLADS-2026-0143,12952000.0,12796000.0,6201220.68,4255630.1,34,161,71,0,none
MPLADS-2026-0119,4217000.0,4137000.0,780869.45,646191.92,18,401,44,0,none
MPLADS-2026-0218,11174000.0,10504000.0,6925118.15,5961059.15,59,170,102,0,none
MPLADS-2026-0446,18115000.0,17293000.0,4111552.41,3934714.01,24,525,105,0,none
MPLADS-2026-0169,21973000.0,20580000.0,10644399.15,8228819.99,45,603,280,0,none
MPLADS-2026-0432,609000.0,561000.0,561000.0,404976.38,84,375,361,0,none
MPLADS-2026-0434,6928000.0,6833000.0,3587592.46,3539035.81,55,630,321,0,none
MPLADS-2026-0487,3243000.0,3211000.0,2855999.7,3910718.69,54,351,309,1,expenditure_exceeds_sanction
MPLADS-2026-0485,13503000.0,12390000.0,10835982.94,14488819.5,50,186,180,1,expenditure_exceeds_sanction
MPLADS-2026-0036,23120000.0,21833000.0,3274950.0,1746452.01,8,653,101,0,none
MPLADS-2026-0153,9810000.0,9140000.0,7933692.73,7076524.36,90,589,555,0,none
MPLADS-2026-0005,20243000.0,19632000.0,5327354.01,5327354.01,31,438,143,0,none
MPLADS-2026-0427,5568000.0,5280000.0,862840.57,604780.38,12,577,100,0,none
MPLADS-2026-0017,3889000.0,3692000.0,570781.5,484019.7,15,138,29,0,none
MPLADS-2026-0216,17883000.0,16842000.0,7170523.75,7170523.75,55,207,104,0,none
MPLADS-2026-0475,21958000.0,20213000.0,13832982.0,13832982.0,83,711,522,0,none
MPLADS-2026-0386,7524000.0,7149000.0,2032406.65,2032406.65,36,530,184,0,none
MPLADS-2026-0065,14724000.0,14700000.0,3417833.27,3417833.27,27,129,28,0,none
MPLADS-2026-0220,5251000.0,5133000.0,4640492.26,4082407.41,84,449,373,0,none
MPLADS-2026-0455,15881000.0,14889000.0,14889000.0,13510467.35,94,167,163,0,none
MPLADS-2026-0160,4370000.0,4126000.0,2670854.36,2670854.36,72,443,301,0,none
MPLADS-2026-0393,22245000.0,21078000.0,3699062.54,1316192.88,7,137,20,0,none
MPLADS-2026-0322,12481000.0,11832000.0,4613029.05,4613029.05,46,663,281,0,none
MPLADS-2026-0324,4089000.0,3697000.0,2186298.41,2186298.41,65,170,89,0,none
MPLADS-2026-0094,18851000.0,17064000.0,4790197.27,3960970.59,24,448,115,0,none
MPLADS-2026-0440,11550000.0,10457000.0,1568550.0,522850.0,5,457,5,0,none
MPLADS-2026-0387,4148000.0,3813000.0,1762364.82,1459396.94,43,629,259,0,none
MPLADS-2026-0333,24072000.0,23894000.0,3584100.0,1194700.0,5,128,3,0,none
MPLADS-2026-0100,15006000.0,14752000.0,2778622.02,1848915.9,14,338,53,0,none
MPLADS-2026-0366,10502000.0,9767000.0,9655351.14,9259888.62,97,278,276,0,none
MPLADS-2026-0481,8643000.0,8394000.0,7457455.28,7036871.96,7,455,405,1,high_expenditure_low_progress
MPLADS-2026-0325,18810000.0,17332000.0,8717669.76,6120579.27,37,641,278,0,none
MPLADS-2026-0454,17929000.0,17621000.0,7980728.22,7980728.22,54,492,251,0,none
MPLADS-2026-0204,15420000.0,14892000.0,2233800.0,1422788.85,10,363,15,0,none
MPLADS-2026-0224,21674000.0,20866000.0,8222050.23,7074461.8,37,244,113,0,none
MPLADS-2026-0227,2712000.0,2602000.0,1310200.5,1266226.91,49,483,237,0,none
MPLADS-2026-0479,15637000.0,14407000.0,14241320.95,12267016.39,6,214,91,1,high_expenditure_low_progress
MPLADS-2026-0118,3295000.0,2987000.0,448050.0,170790.86,6,593,76,0,none
MPLADS-2026-0430,14216000.0,14157000.0,9298986.91,6587503.54,53,327,208,0,none
MPLADS-2026-0362,20487000.0,19937000.0,14498291.86,14498291.86,80,416,296,0,none
MPLADS-2026-0084,3890000.0,3591000.0,2477807.3,2293073.01,70,246,181,0,none
MPLADS-2026-0075,5379000.0,4854000.0,3569878.64,2623844.77,56,340,244,0,none
MPLADS-2026-0185,6208000.0,6068000.0,910200.0,303400.0,5,700,3,0,none
MPLADS-2026-0498,16952000.0,16744000.0,12640227.63,8796576.81,0,371,105,1,zero_progress_high_release
MPLADS-2026-0098,19556000.0,17921000.0,2688150.0,2659475.71,15,408,56,0,none
MPLADS-2026-0186,24694000.0,23559000.0,5617779.96,5230225.83,26,268,57,0,none
MPLADS-2026-0269,2434000.0,2337000.0,1221056.14,1047549.44,52,274,151,0,none
MPLADS-2026-0409,2385000.0,2207000.0,2070000.21,1976093.29,95,342,321,0,none
MPLADS-2026-0314,19681000.0,19240000.0,7292659.43,7034838.79,39,681,234,0,none
MPLADS-2026-0439,24998000.0,23885000.0,10588064.51,8571724.62,40,591,296,0,none
MPLADS-2026-0493,13793000.0,12486000.0,11082371.36,1463753.88,11,314,300,1,severe_progress_mismatch
MPLADS-2026-0230,24568000.0,22318000.0,3347700.0,2452294.0,12,266,21,0,none
MPLADS-2026-0339,23428000.0,21101000.0,5117309.6,5117309.6,28,482,121,0,none
MPLADS-2026-0109,12470000.0,12168000.0,10506561.34,9233102.43,89,577,503,0,none
MPLADS-2026-0310,8535000.0,8205000.0,7118338.15,6149650.5,78,256,202,0,none
MPLADS-2026-0240,12938000.0,12343000.0,1851450.0,1332556.21,11,629,39,0,none
MPLADS-2026-0132,13215000.0,12478000.0,4094959.88,2855536.48,25,374,93,0,none
MPLADS-2026-0254,23536000.0,22615000.0,5928767.68,5608087.82,28,523,114,0,none
MPLADS-2026-0280,22518000.0,21269000.0,21269000.0,20164860.04,95,179,175,0,none
MPLADS-2026-0321,7336000.0,6821000.0,2785823.73,2471546.21,38,394,148,0,none
MPLADS-2026-0060,8639000.0,8579000.0,2948837.96,2948837.96,46,344,137,0,none
MPLADS-2026-0451,13700000.0,12773000.0,5041134.11,4819082.36,38,389,149,0,none
MPLADS-2026-0095,16468000.0,16063000.0,5695428.36,4242175.62,28,343,103,0,none
MPLADS-2026-0375,16394000.0,15260000.0,9697512.09,9697512.09,70,458,263,0,none
MPLADS-2026-0260,6714000.0,6054000.0,3137961.2,3137961.2,61,159,89,0,none
MPLADS-2026-0273,18873000.0,17288000.0,3679091.83,3679091.83,23,121,19,0,none
MPLADS-2026-0389,6034000.0,5843000.0,5843000.0,5536149.99,100,172,168,0,none
MPLADS-2026-0135,10311000.0,10064000.0,4012078.98,3663522.74,41,127,59,0,none
MPLADS-2026-0379,20917000.0,19870000.0,6866793.34,6866793.34,43,435,132,0,none
MPLADS-2026-0422,24598000.0,23805000.0,23805000.0,23682583.18,100,499,496,0,none
MPLADS-2026-0050,14088000.0,13992000.0,2098800.0,963237.03,7,196,35,0,none
MPLADS-2026-0495,6540000.0,6399000.0,3938569.64,3347423.22,0,578,423,1,zero_progress_high_release
MPLADS-2026-0369,23095000.0,22742000.0,17873700.88,15185172.36,76,184,138,0,none
MPLADS-2026-0117,12000000.0,11329000.0,1699350.0,1109401.89,10,278,27,0,none
MPLADS-2026-0408,12582000.0,11403000.0,5887920.09,5470817.79,52,535,283,0,none
MPLADS-2026-0398,2893000.0,2671000.0,1452417.97,1452417.97,61,167,88,0,none
MPLADS-2026-0268,12689000.0,12593000.0,6163108.98,4347889.3,36,621,274,0,none
MPLADS-2026-0492,5717000.0,5669000.0,4365840.43,736120.97,10,363,323,1,severe_progress_mismatch
MPLADS-2026-0193,7238000.0,6972000.0,3433469.06,3406495.25,52,651,333,0,none
MPLADS-2026-0040,19692000.0,19026000.0,4200785.21,4200785.21,28,588,159,0,none
MPLADS-2026-0292,22599000.0,21102000.0,3165300.0,1055100.0,5,667,43,0,none
MPLADS-2026-0130,15291000.0,13801000.0,12758106.68,10360940.66,88,324,295,0,none
MPLADS-2026-0277,3279000.0,3192000.0,2762501.83,2683916.0,90,601,531,0,none
MPLADS-2026-0472,22467000.0,20535000.0,15111204.17,10381037.89,56,216,151,0,none
MPLADS-2026-0210,5781000.0,5499000.0,2400938.71,2400938.71,73,443,221,0,none
MPLADS-2026-0376,20169000.0,19609000.0,4531862.43,3755884.34,21,417,105,0,none
MPLADS-2026-0213,3440000.0,3267000.0,915715.12,915715.12,40,530,180,0,none
MPLADS-2026-0004,13851000.0,12771000.0,5884420.68,5433899.67,50,693,285,0,none
MPLADS-2026-0205,8070000.0,7537000.0,2330274.84,1197939.73,17,96,24,0,none
MPLADS-2026-0138,19120000.0,17597000.0,4847671.83,3061637.07,19,652,135,0,none
MPLADS-2026-0438,14583000.0,13742000.0,13302587.16,11059158.44,85,588,551,0,none
MPLADS-2026-0131,19237000.0,18893000.0,2833950.0,944650.0,5,680,42,0,none
MPLADS-2026-0435,14882000.0,13912000.0,5111302.49,5111302.49,41,558,177,0,none
MPLADS-2026-0482,10715000.0,9861000.0,9320066.34,12204270.48,87,259,227,1,expenditure_exceeds_sanction
MPLADS-2026-0257,11016000.0,10592000.0,9095081.63,9095081.63,95,336,293,0,none
MPLADS-2026-0261,3040000.0,2913000.0,436950.0,271463.07,10,430,69,0,none
MPLADS-2026-0266,21712000.0,20261000.0,18712725.88,17334865.66,87,217,205,0,none
MPLADS-2026-0453,23010000.0,22993000.0,20245116.12,15507932.49,76,219,180,0,none
MPLADS-2026-0179,20925000.0,20121000.0,3018150.0,1006050.0,5,376,17,0,none
MPLADS-2026-0214,6138000.0,5867000.0,880050.0,676798.02,12,452,37,0,none
MPLADS-2026-0458,21328000.0,20892000.0,6272879.11,3254897.21,16,497,112,0,none
MPLADS-2026-0149,16474000.0,15077000.0,2261550.0,2261550.0,17,127,17,0,none
MPLADS-2026-0467,3455000.0,3407000.0,1628543.26,1628543.26,58,225,123,0,none
MPLADS-2026-0276,14561000.0,13876000.0,4827091.02,4309949.59,35,497,161,0,none
MPLADS-2026-0341,6289000.0,6080000.0,3052718.11,2954786.56,51,566,315,0,none
MPLADS-2026-0074,16764000.0,16126000.0,5763062.1,5763062.1,42,185,61,0,none
MPLADS-2026-0051,18689000.0,17111000.0,13240604.13,12956499.1,84,378,310,0,none
MPLADS-2026-0293,1614000.0,1556000.0,660025.32,540578.96,36,680,272,0,none
MPLADS-2026-0025,23700000.0,21533000.0,4251292.97,1802129.79,9,587,71,0,none
MPLADS-2026-0200,16801000.0,16381000.0,8799748.3,6654553.84,45,142,74,0,none
MPLADS-2026-0429,17090000.0,15662000.0,11427362.19,11427362.19,85,339,265,0,none
MPLADS-2026-0264,5387000.0,4871000.0,3080247.47,2794314.61,59,407,264,0,none
MPLADS-2026-0236,8085000.0,7581000.0,6969366.75,6969366.75,100,426,417,0,none
MPLADS-2026-0105,15016000.0,13998000.0,2099700.0,1541381.88,12,341,45,0,none
MPLADS-2026-0405,2696000.0,2576000.0,2369856.23,2144839.6,85,701,613,0,none
MPLADS-2026-0403,2742000.0,2726000.0,1959665.95,1604053.65,68,545,369,0,none
MPLADS-2026-0248,7484000.0,7307000.0,5048152.41,3759746.38,59,369,231,0,none
MPLADS-2026-0244,24157000.0,23636000.0,16185438.62,15700205.09,71,288,189,0,none
MPLADS-2026-0320,13562000.0,12947000.0,11223925.99,11063166.5,86,360,313,0,none
MPLADS-2026-0283,5424000.0,4957000.0,743550.0,649455.36,14,595,27,0,none
MPLADS-2026-0328,2963000.0,2895000.0,2384999.82,1998175.37,79,95,71,0,none
MPLADS-2026-0174,3154000.0,2912000.0,2204761.83,1958704.38,72,115,80,0,none
MPLADS-2026-0468,18404000.0,16752000.0,8743435.84,7437727.03,51,410,189,0,none
MPLADS-2026-0008,14025000.0,13786000.0,7244764.11,7244764.11,56,723,371,0,none
MPLADS-2026-0305,1753000.0,1676000.0,975814.68,928254.14,61,461,284,0,none
MPLADS-2026-0373,3374000.0,3374000.0,1554100.0,1554100.0,52,580,249,0,none
MPLADS-2026-0024,3241000.0,3035000.0,709350.74,655482.05,22,404,123,0,none
MPLADS-2026-0360,1323000.0,1270000.0,624489.46,462452.62,40,139,63,0,none
MPLADS-2026-0201,14659000.0,13505000.0,6078264.56,5119167.24,42,583,230,0,none
MPLADS-2026-0351,5839000.0,5298000.0,3745759.0,3404020.22,69,523,353,0,none
MPLADS-2026-0425,14920000.0,14175000.0,2126250.0,887383.89,7,443,13,0,none
MPLADS-2026-0390,1276000.0,1200000.0,708838.36,635384.21,56,476,283,0,none
MPLADS-2026-0088,20975000.0,20006000.0,20006000.0,17916121.0,97,649,618,0,none
MPLADS-2026-0449,18572000.0,17995000.0,16124775.24,14923828.59,88,714,648,0,none
MPLADS-2026-0444,18692000.0,18254000.0,13540721.2,12662887.39,80,652,524,0,none
MPLADS-2026-0271,11455000.0,11142000.0,8670169.46,7745060.21,78,451,315,0,none
MPLADS-2026-0217,20132000.0,19363000.0,2904450.0,968150.0,5,460,46,0,none
MPLADS-2026-0006,8747000.0,7953000.0,4313481.22,3515724.54,47,189,92,0,none
MPLADS-2026-0225,7919000.0,7345000.0,4555527.07,3885292.69,59,147,91,0,none
MPLADS-2026-0478,16940000.0,16155000.0,16037809.01,13582032.53,20,459,439,1,high_expenditure_low_progress
MPLADS-2026-0019,6660000.0,6362000.0,5767805.87,4967770.09,82,101,88,0,none
MPLADS-2026-0116,7657000.0,7614000.0,1817379.66,1425507.75,20,592,106,0,none
MPLADS-2026-0042,12820000.0,12631000.0,1894650.0,762169.32,7,251,15,0,none
MPLADS-2026-0234,24128000.0,23169000.0,6648339.52,6648339.52,31,243,86,0,none
MPLADS-2026-0148,8295000.0,7858000.0,3855498.16,2512387.15,33,480,198,0,none
MPLADS-2026-0123,6377000.0,6091000.0,913650.0,522647.45,9,250,1,0,none
MPLADS-2026-0374,10217000.0,9440000.0,8639206.12,8639206.12,100,419,398,0,none
MPLADS-2026-0233,2115000.0,1923000.0,502576.54,502576.54,30,485,146,0,none
MPLADS-2026-0463,21977000.0,19984000.0,4281233.0,4281233.0,24,459,129,0,none
MPLADS-2026-0194,7725000.0,7343000.0,1757533.87,764108.57,12,530,102,0,none
MPLADS-2026-0358,8981000.0,8330000.0,1249500.0,416500.0,5,205,9,0,none
MPLADS-2026-0354,21806000.0,21603000.0,3240450.0,1640564.45,8,474,42,0,none
MPLADS-2026-0106,18887000.0,18075000.0,5178789.1,5178789.1,39,478,173,0,none
MPLADS-2026-0342,23116000.0,22857000.0,18432652.3,18432652.3,88,408,354,0,none
MPLADS-2026-0108,22063000.0,21083000.0,5277872.16,5277872.16,33,619,196,0,none
MPLADS-2026-0286,14585000.0,13309000.0,9669685.81,8324978.95,68,414,329,0,none
MPLADS-2026-0099,14607000.0,14473000.0,7251190.71,5475024.03,43,474,204,0,none
MPLADS-2026-0013,8445000.0,8249000.0,3735551.06,3363264.84,42,147,59,0,none
MPLADS-2026-0221,4118000.0,3749000.0,890509.61,890509.61,43,352,102,0,none
MPLADS-2026-0028,16956000.0,15894000.0,10924602.39,10815112.71,77,619,463,0,none
MPLADS-2026-0380,18227000.0,17752000.0,6135472.06,4167013.42,26,561,173,0,none
MPLADS-2026-0284,11951000.0,11931000.0,9171200.29,6463180.14,63,222,157,0,none
MPLADS-2026-0356,13457000.0,13091000.0,1963650.0,654550.0,5,318,2,0,none
MPLADS-2026-0450,19729000.0,19361000.0,18382568.82,15718578.38,91,150,146,0,none
MPLADS-2026-0064,24538000.0,23400000.0,4386208.08,1248411.92,6,118,15,0,none
MPLADS-2026-0054,16109000.0,14920000.0,12202518.64,10863193.95,84,542,438,0,none
MPLADS-2026-0068,18126000.0,17658000.0,11153133.03,11153133.03,70,291,187,0,none
MPLADS-2026-0003,5857000.0,5567000.0,3157594.83,3157594.83,65,117,72,0,none
MPLADS-2026-0115,7906000.0,7675000.0,1930135.29,1930135.29,31,219,71,0,none
MPLADS-2026-0086,19360000.0,19256000.0,19256000.0,17489511.28,97,110,110,0,none
MPLADS-2026-0371,19162000.0,18634000.0,6215577.15,6211516.56,34,662,223,0,none
MPLADS-2026-0348,17167000.0,16681000.0,3722270.57,1070546.02,7,590,94,0,none
MPLADS-2026-0172,9461000.0,9263000.0,3082491.55,2381526.68,28,104,34,0,none
MPLADS-2026-0241,15642000.0,15012000.0,2251800.0,1718441.98,12,247,42,0,none
MPLADS-2026-0023,13715000.0,13411000.0,2011650.0,670550.0,5,633,1,0,none
MPLADS-2026-0372,8658000.0,8621000.0,2901934.02,2571588.18,30,105,28,0,none
MPLADS-2026-0043,5053000.0,4848000.0,2746171.83,2746171.83,62,330,207,0,none
MPLADS-2026-0497,16123000.0,14753000.0,9042252.24,7627280.87,0,409,117,1,zero_progress_high_release
MPLADS-2026-0297,21606000.0,20135000.0,8128027.02,8128027.02,52,443,205,0,none
MPLADS-2026-0061,9872000.0,8923000.0,3134035.35,3134035.35,37,571,228,0,none
MPLADS-2026-0416,1159000.0,1127000.0,887806.94,768934.73,70,304,225,0,none
MPLADS-2026-0394,13804000.0,13332000.0,6878137.3,6878137.3,70,273,162,0,none
MPLADS-2026-0452,13103000.0,12972000.0,3388406.97,3013199.43,24,187,35,0,none
MPLADS-2026-0037,20983000.0,20918000.0,5105297.15,5105297.15,27,332,86,0,none
MPLADS-2026-0336,16383000.0,15922000.0,14129174.63,12814475.79,90,104,95,0,none
MPLADS-2026-0027,10867000.0,10010000.0,3552990.54,2276896.73,25,642,206,0,none
MPLADS-2026-0145,14880000.0,14878000.0,3724422.11,3706345.26,27,591,153,0,none
MPLADS-2026-0247,21916000.0,20940000.0,20810262.1,18629986.43,91,195,183,0,none
MPLADS-2026-0418,6430000.0,6211000.0,4172526.08,4172526.08,75,523,387,0,none
MPLADS-2026-0157,13514000.0,12927000.0,3479676.67,3479676.67,43,274,88,0,none
MPLADS-2026-0471,18833000.0,18682000.0,18094622.92,15828945.37,96,720,704,0,none
MPLADS-2026-0287,13175000.0,12027000.0,10458720.07,10458720.07,91,654,602,0,none
MPLADS-2026-0349,1863000.0,1701000.0,1563157.17,1381931.58,87,515,468,0,none
MPLADS-2026-0281,16862000.0,16372000.0,13390868.18,12601436.9,86,653,556,0,none
MPLADS-2026-0009,1623000.0,1498000.0,244276.54,117439.91,8,386,41,0,none
MPLADS-2026-0146,8645000.0,8440000.0,4733599.32,4468454.49,54,476,234,0,none
MPLADS-2026-0198,20878000.0,18985000.0,10641498.47,9215260.48,52,188,96,0,none
MPLADS-2026-0101,17264000.0,16928000.0,2539200.0,846400.0,5,669,43,0,none
MPLADS-2026-0147,24529000.0,22662000.0,6932866.27,3512038.12,17,482,120,0,none
MPLADS-2026-0180,11395000.0,10525000.0,1974253.21,1974253.21,27,461,51,0,none
MPLADS-2026-0303,1738000.0,1650000.0,856358.86,856358.86,56,571,293,0,none
MPLADS-2026-0262,20431000.0,18746000.0,16685894.91,15847876.79,87,565,491,0,none
MPLADS-2026-0046,16956000.0,15769000.0,15769000.0,11948859.04,89,413,385,0,none
MPLADS-2026-0033,11061000.0,10423000.0,1563450.0,1039824.31,10,568,56,0,none
MPLADS-2026-0265,12098000.0,10933000.0,5388934.1,5286795.56,50,285,147,0,none
MPLADS-2026-0486,19107000.0,18196000.0,17467075.08,22815473.02,67,312,132,1,expenditure_exceeds_sanction
MPLADS-2026-0251,6001000.0,5592000.0,5491952.93,4766968.87,88,191,183,0,none
MPLADS-2026-0079,3473000.0,3172000.0,3172000.0,2890130.73,97,565,544,0,none
MPLADS-2026-0288,11099000.0,11000000.0,2442818.66,2442818.66,25,146,32,0,none
MPLADS-2026-0313,8038000.0,7957000.0,5204308.41,5204308.41,71,117,77,0,none
MPLADS-2026-0448,2631000.0,2596000.0,2589565.23,2036610.64,89,210,199,0,none
MPLADS-2026-0151,18200000.0,17126000.0,2568900.0,1704688.72,10,248,20,0,none
MPLADS-2026-0171,11974000.0,10867000.0,7718582.1,6118111.49,58,321,204,0,none
MPLADS-2026-0058,9165000.0,8762000.0,8762000.0,7421304.57,97,506,499,0,none
MPLADS-2026-0092,4952000.0,4586000.0,1142934.29,1142934.29,31,425,109,0,none
MPLADS-2026-0470,13497000.0,12159000.0,10361401.61,9007934.2,84,258,226,0,none
MPLADS-2026-0441,9907000.0,9473000.0,6939650.78,6309127.25,73,596,419,0,none
MPLADS-2026-0381,3929000.0,3751000.0,3751000.0,3540592.37,95,278,278,0,none
MPLADS-2026-0178,17564000.0,16756000.0,4888856.36,4888856.36,32,691,159,0,none
MPLADS-2026-0355,13713000.0,13238000.0,1985700.0,1724678.78,14,446,61,0,none
MPLADS-2026-0490,10668000.0,9648000.0,7924186.02,3184386.43,11,206,183,1,severe_progress_mismatch
MPLADS-2026-0344,24727000.0,23178000.0,18124584.79,15967613.15,71,652,483,0,none
MPLADS-2026-0308,5377000.0,5113000.0,766950.0,255650.0,5,602,42,0,none
MPLADS-2026-0167,1466000.0,1435000.0,836915.69,811223.65,65,124,75,0,none
MPLADS-2026-0125,2244000.0,2072000.0,1877300.38,1870280.11,93,360,321,0,none
MPLADS-2026-0338,13124000.0,11925000.0,3980017.91,2637671.04,24,187,48,0,none
MPLADS-2026-0319,24954000.0,23652000.0,9745027.2,7824597.94,36,475,161,0,none
MPLADS-2026-0488,19526000.0,18799000.0,15167335.98,5918676.14,12,454,415,1,severe_progress_mismatch
MPLADS-2026-0112,8012000.0,7396000.0,3724541.94,3724541.94,56,287,162,0,none
MPLADS-2026-0243,6319000.0,5968000.0,3348734.39,3330749.29,63,381,230,0,none
MPLADS-2026-0188,1784000.0,1738000.0,392113.96,288262.32,18,628,117,0,none
MPLADS-2026-0041,1933000.0,1882000.0,869561.5,869561.5,58,152,81,0,none
MPLADS-2026-0250,10665000.0,10021000.0,2386426.1,2386426.1,28,472,121,0,none
MPLADS-2026-0035,5160000.0,4875000.0,1583012.34,1583012.34,41,522,188,0,none
MPLADS-2026-0083,2398000.0,2227000.0,976639.35,976639.35,56,368,172,0,none
MPLADS-2026-0155,16027000.0,15823000.0,5464922.76,5145948.01,33,544,171,0,none
MPLADS-2026-0173,16984000.0,16428000.0,10183729.06,9117285.68,56,688,391,0,none
MPLADS-2026-0307,2869000.0,2689000.0,1948702.2,1890820.6,73,437,286,0,none
MPLADS-2026-0370,7077000.0,6846000.0,1026900.0,342300.0,5,707,41,0,none
MPLADS-2026-0192,22788000.0,20677000.0,10336137.18,9422958.37,53,172,83,0,none
MPLADS-2026-0038,21684000.0,21472000.0,14518482.05,12485549.05,64,258,195,0,none
MPLADS-2026-0187,864000.0,846000.0,743388.95,696739.13,94,333,302,0,none
MPLADS-2026-0057,24319000.0,21984000.0,5847145.49,3968279.13,19,456,108,0,none
MPLADS-2026-0326,3863000.0,3715000.0,1171395.32,988684.19,28,690,246,0,none
MPLADS-2026-0431,16604000.0,15600000.0,4284724.19,2995682.27,21,718,203,0,none
MPLADS-2026-0385,13539000.0,12742000.0,8550708.37,6994247.18,59,107,68,0,none
MPLADS-2026-0031,7323000.0,6946000.0,1719651.9,1228221.89,18,642,136,0,none
MPLADS-2026-0166,17105000.0,16628000.0,10567862.69,10567862.69,72,230,161,0,none
MPLADS-2026-0296,4373000.0,4117000.0,1417657.31,1184096.96,33,565,209,0,none
MPLADS-2026-0175,22924000.0,21139000.0,17719329.06,14951816.27,79,154,119,0,none
MPLADS-2026-0397,19012000.0,17377000.0,13868524.26,10343487.05,66,170,129,0,none
MPLADS-2026-0500,19263000.0,19210000.0,11048001.27,13023550.76,0,272,176,1,zero_progress_high_release
MPLADS-2026-0378,14689000.0,13833000.0,2491261.31,2491261.31,22,246,51,0,none
MPLADS-2026-0001,16166000.0,14590000.0,4308957.49,4308957.49,37,371,126,0,none
MPLADS-2026-0245,11295000.0,11035000.0,5967464.29,5050416.07,46,481,258,0,none
MPLADS-2026-0337,17023000.0,15650000.0,15330908.36,13262156.99,87,715,655,0,none
MPLADS-2026-0011,7041000.0,6996000.0,6846647.58,6051627.54,93,163,156,0,none
MPLADS-2026-0388,10224000.0,9583000.0,4578058.63,4578058.63,58,505,236,0,none
MPLADS-2026-0428,8313000.0,7731000.0,1159650.0,512593.78,7,207,6,0,none
MPLADS-2026-0302,2706000.0,2542000.0,1009365.76,941056.15,41,558,247,0,none
MPLADS-2026-0423,11046000.0,9953000.0,3222205.09,2862722.63,31,354,114,0,none
MPLADS-2026-0020,13656000.0,12655000.0,1898250.0,632750.0,5,438,58,0,none
MPLADS-2026-0252,3871000.0,3595000.0,1046066.93,992615.29,30,573,143,0,none
MPLADS-2026-0413,8197000.0,8168000.0,3252144.92,2083922.67,27,416,150,0,none
MPLADS-2026-0159,6722000.0,6221000.0,4169650.84,3137686.18,53,99,60,0,none
MPLADS-2026-0278,6914000.0,6403000.0,3088479.5,2115227.96,37,546,220,0,none
MPLADS-2026-0253,15576000.0,15429000.0,3969219.07,3969219.07,43,109,33,0,none
MPLADS-2026-0097,6778000.0,6350000.0,6034112.25,5412744.38,89,710,622,0,none
MPLADS-2026-0073,11333000.0,10442000.0,3430740.06,2796058.39,30,574,174,0,none
MPLADS-2026-0289,4468000.0,4439000.0,2787014.17,2347635.11,57,320,178,0,none
MPLADS-2026-0181,22592000.0,21790000.0,13840869.9,13840869.9,71,152,102,0,none
MPLADS-2026-0015,22175000.0,21383000.0,4928277.81,3701711.68,18,236,68,0,none
MPLADS-2026-0311,7831000.0,7311000.0,6521357.06,6011879.18,88,611,546,0,none
MPLADS-2026-0465,11016000.0,10015000.0,1502250.0,500750.0,5,187,1,0,none
MPLADS-2026-0476,13277000.0,13047000.0,12174120.77,11302697.89,12,302,216,1,high_expenditure_low_progress
MPLADS-2026-0091,15001000.0,14495000.0,13501153.02,13495226.48,95,175,165,0,none
MPLADS-2026-0364,7241000.0,6920000.0,1931729.82,1771121.58,28,695,180,0,none
MPLADS-2026-0363,8356000.0,7773000.0,5625624.43,5033360.77,71,236,170,0,none
MPLADS-2026-0335,21351000.0,20215000.0,3537625.97,3537625.97,26,287,58,0,none
MPLADS-2026-0295,12332000.0,12091000.0,3573342.2,3573342.2,32,505,153,0,none
MPLADS-2026-0317,4210000.0,4080000.0,2235501.92,2176933.76,54,510,257,0,none
MPLADS-2026-0029,8783000.0,8421000.0,7448084.4,6450297.18,89,325,302,0,none
MPLADS-2026-0274,11235000.0,10253000.0,10033714.53,9303860.93,100,331,331,0,none
MPLADS-2026-0137,10625000.0,9762000.0,7170278.47,5988765.91,65,460,319,0,none
MPLADS-2026-0124,12013000.0,10851000.0,9825522.77,9135340.45,86,385,362,0,none
MPLADS-2026-0127,2250000.0,2062000.0,1638844.05,1350129.02,70,404,305,0,none
MPLADS-2026-0052,17344000.0,17089000.0,13424265.25,13424265.25,80,607,501,0,none
MPLADS-2026-0082,16123000.0,15745000.0,12879922.64,11506060.03,82,623,497,0,none
MPLADS-2026-0462,10981000.0,10976000.0,7798675.24,7798675.24,74,225,167,0,none
MPLADS-2026-0456,10370000.0,10111000.0,5773077.56,4090829.98,45,467,233,0,none
MPLADS-2026-0382,13337000.0,13122000.0,1968300.0,656100.0,5,166,13,0,none
MPLADS-2026-0272,24511000.0,24383000.0,23723328.77,20341922.82,90,166,164,0,none
MPLADS-2026-0242,15806000.0,15652000.0,2347800.0,1191373.19,8,538,45,0,none
MPLADS-2026-0030,15962000.0,14731000.0,13003121.81,12155135.01,89,122,111,0,none
MPLADS-2026-0343,7728000.0,7430000.0,1606769.65,1569191.96,23,314,69,0,none
MPLADS-2026-0368,14154000.0,12928000.0,4396914.18,4396914.18,39,338,131,0,none
MPLADS-2026-0113,19174000.0,17612000.0,13414489.65,13222216.55,80,311,248,0,none
MPLADS-2026-0306,11534000.0,11015000.0,10741657.1,9192320.72,96,728,697,0,none
MPLADS-2026-0164,19569000.0,19517000.0,15031127.48,12886000.87,67,710,509,0,none
MPLADS-2026-0014,10329000.0,9364000.0,4083732.16,3204429.48,37,670,323,0,none
MPLADS-2026-0093,22051000.0,20459000.0,11266907.71,8475053.01,45,521,259,0,none
MPLADS-2026-0139,17607000.0,16060000.0,6080095.82,5615842.86,39,713,246,0,none
MPLADS-2026-0199,14868000.0,14216000.0,10593444.97,10398466.16,81,427,344,0,none
MPLADS-2026-0165,19506000.0,18004000.0,4914551.37,4914551.37,31,450,113,0,none
MPLADS-2026-0258,2598000.0,2591000.0,2218180.28,2031471.22,81,159,135,0,none
MPLADS-2026-0290,7459000.0,6772000.0,6341441.36,6007631.85,94,291,283,0,none
MPLADS-2026-0177,6253000.0,5964000.0,2730326.76,2730326.76,48,487,233,0,none
MPLADS-2026-0249,11218000.0,11158000.0,8817580.36,8817580.36,83,317,231,0,none
MPLADS-2026-0334,23247000.0,21701000.0,20976046.73,19995934.85,93,555,537,0,none
MPLADS-2026-0346,9364000.0,9287000.0,1393050.0,823654.65,9,204,16,0,none
MPLADS-2026-0445,19490000.0,19146000.0,12434699.22,8524672.65,52,465,278,0,none
MPLADS-2026-0367,7868000.0,7638000.0,1145700.0,912131.12,12,564,60,0,none
MPLADS-2026-0010,9813000.0,9277000.0,1490391.25,1490391.25,21,463,84,0,none
MPLADS-2026-0279,22954000.0,21786000.0,4776425.91,3399206.15,17,215,35,0,none
MPLADS-2026-0392,2836000.0,2702000.0,1073871.4,1073871.4,47,133,59,0,none
MPLADS-2026-0406,802000.0,755000.0,666676.35,647174.17,86,176,144,0,none
MPLADS-2026-0270,16693000.0,15535000.0,8773668.26,8773668.26,63,707,437,0,none
MPLADS-2026-0330,7538000.0,6999000.0,1243730.21,1176659.81,19,150,23,0,none
MPLADS-2026-0103,3086000.0,3074000.0,830087.85,767325.78,26,560,157,0,none
MPLADS-2026-0215,11187000.0,10583000.0,5200606.92,4556664.93,46,169,81,0,none
MPLADS-2026-0071,23539000.0,22779000.0,12832099.44,12832099.44,60,268,155,0,none
MPLADS-2026-0197,8157000.0,7549000.0,5911808.81,4285161.14,66,246,176,0,none
MPLADS-2026-0469,19450000.0,18970000.0,15345950.72,11571691.88,70,226,165,0,none
MPLADS-2026-0045,13308000.0,13221000.0,6566226.72,5410238.72,45,299,161,0,none
MPLADS-2026-0399,15092000.0,15045000.0,2256750.0,752250.0,5,424,16,0,none
MPLADS-2026-0246,20514000.0,20106000.0,18692497.6,18072640.26,95,231,224,0,none
MPLADS-2026-0407,14513000.0,13308000.0,1996200.0,1429550.19,12,479,87,0,none
MPLADS-2026-0211,15032000.0,14321000.0,2148150.0,1285882.82,9,405,24,0,none
MPLADS-2026-0256,12746000.0,12155000.0,11101516.75,9851979.62,93,617,589,0,none
MPLADS-2026-0152,8795000.0,8525000.0,4693529.63,4256018.25,51,172,85,0,none
MPLADS-2026-0332,23381000.0,21128000.0,17193492.13,15904596.33,76,496,404,0,none
MPLADS-2026-0126,5347000.0,4874000.0,1491301.83,1491301.83,37,320,77,0,none
MPLADS-2026-0316,1273000.0,1266000.0,209654.96,209654.96,24,202,49,0,none
MPLADS-2026-0318,21884000.0,21306000.0,5076866.79,4378580.37,22,153,36,0,none
MPLADS-2026-0315,4678000.0,4504000.0,2172360.93,2172360.93,62,724,390,0,none
MPLADS-2026-0018,17172000.0,16479000.0,6926137.32,6368921.63,42,484,196,0,none
MPLADS-2026-0077,10291000.0,9414000.0,1806694.27,1246638.84,15,95,14,0,none
MPLADS-2026-0229,12783000.0,12729000.0,3082100.59,1862774.42,15,551,106,0,none
MPLADS-2026-0144,8827000.0,8640000.0,1296000.0,432000.0,5,363,2,0,none
MPLADS-2026-0141,20888000.0,19840000.0,13998038.06,12489344.49,69,388,261,0,none
MPLADS-2026-0096,6344000.0,6010000.0,4640466.53,3371914.16,61,207,145,0,none
MPLADS-2026-0110,7709000.0,7250000.0,3547863.24,3019352.48,46,339,157,0,none
MPLADS-2026-0182,23751000.0,23333000.0,20600674.88,19422694.05,88,183,170,0,none
MPLADS-2026-0089,7187000.0,6817000.0,2600876.21,2115388.94,32,488,173,0,none
MPLADS-2026-0219,5929000.0,5798000.0,4644649.38,4042325.26,75,168,131,0,none
MPLADS-2026-0350,16983000.0,15808000.0,6577239.27,5915338.13,44,112,51,0,none
MPLADS-2026-0196,10638000.0,10454000.0,4855348.22,4219203.18,45,498,213,0,none
MPLADS-2026-0412,24369000.0,22264000.0,18051630.66,13128759.63,67,418,309,0,none
MPLADS-2026-0255,3485000.0,3220000.0,1852034.72,1727616.09,55,727,469,0,none
MPLADS-2026-0419,12241000.0,11508000.0,8200316.99,8200316.99,78,608,429,0,none
MPLADS-2026-0222,19099000.0,17333000.0,14572049.52,11528997.89,69,595,476,0,none
MPLADS-2026-0294,10706000.0,10320000.0,9283557.26,9283557.26,98,599,559,0,none
MPLADS-2026-0087,12186000.0,12116000.0,11626671.76,11626671.76,100,395,386,0,none
MPLADS-2026-0417,2194000.0,2161000.0,1467367.35,1467367.35,77,508,345,0,none
MPLADS-2026-0404,2639000.0,2489000.0,2150774.14,1852624.4,86,660,569,0,none
MPLADS-2026-0022,3107000.0,2991000.0,835774.09,835774.09,32,609,204,0,none
MPLADS-2026-0401,16686000.0,15160000.0,7076323.63,4642434.82,32,723,303,0,none
MPLADS-2026-0170,20705000.0,19632000.0,19632000.0,17721618.7,93,392,383,0,none
MPLADS-2026-0048,3745000.0,3501000.0,1305433.04,1305433.04,46,160,63,0,none
MPLADS-2026-0066,19767000.0,18653000.0,3278423.53,3278423.53,28,613,119,0,none
MPLADS-2026-0228,18604000.0,16820000.0,15806560.42,14557555.34,92,675,668,0,none
MPLADS-2026-0391,17720000.0,16095000.0,10417346.8,9136206.8,58,534,340,0,none
MPLADS-2026-0396,6392000.0,6286000.0,4868567.95,3846003.88,68,488,347,0,none
MPLADS-2026-0034,2911000.0,2737000.0,2726278.37,2112826.2,87,437,410,0,none
MPLADS-2026-0012,6498000.0,6149000.0,5695700.5,4723414.49,87,366,328,0,none
MPLADS-2026-0461,11760000.0,10730000.0,4755987.79,4755987.79,57,251,113,0,none
MPLADS-2026-0133,20449000.0,20386000.0,12446766.26,10253523.86,56,571,357,0,none
MPLADS-2026-0301,4404000.0,4402000.0,4227240.57,3459596.55,85,568,511,0,none
MPLADS-2026-0299,2872000.0,2668000.0,2496299.94,2296143.03,97,483,443,0,none
MPLADS-2026-0491,4400000.0,4383000.0,3851838.24,684312.66,11,218,201,1,severe_progress_mismatch
MPLADS-2026-0331,18598000.0,18320000.0,6199929.46,6199929.46,35,128,45,0,none
MPLADS-2026-0323,13808000.0,13664000.0,11278593.22,10559098.12,80,494,420,0,none
MPLADS-2026-0499,15024000.0,13984000.0,11403130.44,7517077.33,0,305,240,1,zero_progress_high_release
MPLADS-2026-0494,9837000.0,9131000.0,7596096.08,1755250.67,5,359,322,1,severe_progress_mismatch
MPLADS-2026-0206,10319000.0,9434000.0,1415100.0,471700.0,5,121,12,0,none
MPLADS-2026-0102,9579000.0,9106000.0,1365900.0,455300.0,5,439,7,0,none
MPLADS-2026-0477,12285000.0,11821000.0,11328637.52,11018010.44,9,186,136,1,high_expenditure_low_progress
MPLADS-2026-0114,19125000.0,18354000.0,4181336.71,4181336.71,41,192,50,0,none
MPLADS-2026-0480,19025000.0,18109000.0,17122725.69,16397979.99,18,326,250,1,high_expenditure_low_progress
MPLADS-2026-0007,20275000.0,19727000.0,5444879.08,5366415.64,30,639,128,0,none
MPLADS-2026-0063,8542000.0,8426000.0,4235220.02,3143573.94,41,375,180,0,none
MPLADS-2026-0072,7945000.0,7317000.0,6844622.09,6729797.79,100,683,622,0,none
MPLADS-2026-0053,1745000.0,1681000.0,252150.0,84050.0,5,373,23,0,none
MPLADS-2026-0237,23704000.0,23697000.0,4170368.27,1184850.0,5,629,96,0,none
MPLADS-2026-0489,4171000.0,3820000.0,3188204.85,600126.22,6,595,519,1,severe_progress_mismatch
MPLADS-2026-0421,19339000.0,18677000.0,3985026.52,3985026.52,31,453,86,0,none
MPLADS-2026-0282,4359000.0,4232000.0,2943063.02,2682195.85,73,268,186,0,none
MPLADS-2026-0384,1981000.0,1909000.0,1359269.01,1073922.16,66,721,495,0,none
MPLADS-2026-0285,10255000.0,9965000.0,9118349.33,9082250.77,100,580,539,0,none
MPLADS-2026-0442,21077000.0,19999000.0,15164662.65,15164662.65,83,174,145,0,none
MPLADS-2026-0208,14406000.0,13088000.0,2943567.94,2943567.94,31,143,40,0,none
MPLADS-2026-0016,13705000.0,13358000.0,10052437.91,9880954.83,74,528,409,0,none
MPLADS-2026-0090,18242000.0,17951000.0,13153281.25,13153281.25,76,220,160,0,none
MPLADS-2026-0474,15224000.0,14800000.0,12630701.3,12630701.3,100,381,354,0,none
MPLADS-2026-0154,15963000.0,15837000.0,2375550.0,2191249.05,16,322,47,0,none
MPLADS-2026-0347,5453000.0,5200000.0,3680978.87,2668195.95,56,258,168,0,none
MPLADS-2026-0026,3581000.0,3459000.0,771859.44,771859.44,27,652,170,0,none
MPLADS-2026-0263,2046000.0,2000000.0,300000.0,100000.0,5,558,38,0,none
MPLADS-2026-0203,14244000.0,13913000.0,12443612.71,12078782.37,93,726,629,0,none
MPLADS-2026-0183,24292000.0,21986000.0,8096004.74,4895199.27,23,431,125,0,none
MPLADS-2026-0128,7571000.0,6908000.0,6076713.44,5292355.29,86,401,359,0,none
MPLADS-2026-0365,12643000.0,12608000.0,10634815.51,10589619.44,88,480,403,0,none
MPLADS-2026-0473,11020000.0,10790000.0,4716670.03,3063410.67,32,343,142,0,none
MPLADS-2026-0076,11658000.0,11525000.0,3797327.95,3556417.94,34,679,200,0,none
MPLADS-2026-0466,15045000.0,14322000.0,2148300.0,716100.0,5,545,10,0,none
MPLADS-2026-0111,14060000.0,13137000.0,6508491.55,4824231.09,40,653,339,0,none
MPLADS-2026-0021,580000.0,564000.0,427394.34,417879.9,80,359,257,0,none
MPLADS-2026-0309,8659000.0,8203000.0,2392712.57,2358124.75,31,557,153,0,none
MPLADS-2026-0357,11844000.0,11511000.0,9140932.09,7556670.33,74,524,389,0,none
MPLADS-2026-0361,6241000.0,5752000.0,1412238.49,1412238.49,28,147,36,0,none
MPLADS-2026-0424,14723000.0,14098000.0,9669510.44,9669510.44,76,546,384,0,none
MPLADS-2026-0156,1627000.0,1594000.0,720120.5,597573.47,43,390,184,0,none
MPLADS-2026-0352,1976000.0,1955000.0,293250.0,257179.43,15,573,33,0,none
MPLADS-2026-0414,24210000.0,23682000.0,9972793.3,9972793.3,53,423,193,0,none
MPLADS-2026-0081,11425000.0,10464000.0,7971662.19,7333149.32,79,576,461,0,none
MPLADS-2026-0047,15718000.0,15031000.0,2254650.0,974186.0,7,192,19,0,none
MPLADS-2026-0447,6565000.0,6483000.0,2810997.37,2810997.37,49,123,58,0,none
MPLADS-2026-0437,7982000.0,7330000.0,3972736.73,3972736.73,66,234,131,0,none
MPLADS-2026-0136,3340000.0,3264000.0,489600.0,304005.38,10,616,2,0,none
MPLADS-2026-0238,9365000.0,8768000.0,3297969.47,3297969.47,41,274,110,0,none
MPLADS-2026-0158,9872000.0,9559000.0,8997211.7,8786369.8,100,599,598,0,none
MPLADS-2026-0464,16398000.0,14843000.0,6900885.66,6291136.12,44,730,313,0,none
MPLADS-2026-0107,4955000.0,4565000.0,2095771.6,2095771.6,61,354,175,0,none
MPLADS-2026-0457,561000.0,548000.0,361357.95,329563.81,63,185,118,0,none
MPLADS-2026-0184,5528000.0,5434000.0,1836812.67,1836812.67,35,657,213,0,none
MPLADS-2026-0275,14397000.0,13828000.0,9270723.07,8402051.58,63,550,380,0,none
MPLADS-2026-0062,9067000.0,8904000.0,2491548.1,2491548.1,34,323,115,0,none
MPLADS-2026-0209,17012000.0,15774000.0,15261563.32,14100142.14,98,524,498,0,none
MPLADS-2026-0161,17413000.0,16467000.0,5525318.54,3220946.25,20,399,102,0,none
MPLADS-2026-0239,5204000.0,5204000.0,780600.0,260200.0,5,248,20,0,none
MPLADS-2026-0231,11266000.0,10728000.0,3783467.26,3159430.67,33,252,94,0,none
MPLADS-2026-0085,8607000.0,8147000.0,3256093.7,2220273.04,30,153,53,0,none
MPLADS-2026-0055,23654000.0,22923000.0,11559539.35,11559539.35,64,242,140,0,none
MPLADS-2026-0080,23776000.0,23518000.0,16682222.68,13913646.86,60,717,517,0,none
MPLADS-2026-0056,14037000.0,13237000.0,7635486.68,7635486.68,65,132,79,0,none
MPLADS-2026-0300,21700000.0,19877000.0,14547005.05,12746858.4,73,425,296,0,none
MPLADS-2026-0395,4033000.0,3961000.0,3525513.71,3463369.82,100,497,476,0,none
MPLADS-2026-0400,11538000.0,10647000.0,6132522.04,6132522.04,66,656,385,0,none
MPLADS-2026-0070,16839000.0,15704000.0,10440896.17,9893774.33,69,392,284,0,none
MPLADS-2026-0104,24154000.0,22391000.0,17200111.38,15918163.56,73,641,496,0,none
MPLADS-2026-0483,16856000.0,16318000.0,14012036.38,22380517.49,65,213,129,1,expenditure_exceeds_sanction
MPLADS-2026-0120,19229000.0,18472000.0,6742209.2,6199406.03,37,723,232,0,none
MPLADS-2026-0140,835000.0,786000.0,140070.44,75014.42,11,320,59,0,none
MPLADS-2026-0232,10515000.0,9819000.0,1472850.0,836958.03,9,702,54,0,none
MPLADS-2026-0163,1038000.0,1020000.0,210267.04,210267.04,35,495,141,0,none
MPLADS-2026-0168,22786000.0,21252000.0,6410490.05,6410490.05,46,515,180,0,none
MPLADS-2026-0377,14282000.0,13170000.0,1975500.0,912878.04,7,239,5,0,none
MPLADS-2026-0426,23053000.0,20946000.0,7391449.16,7391449.16,47,235,90,0,none
MPLADS-2026-0496,19465000.0,19461000.0,14552256.63,11151865.04,0,597,205,1,zero_progress_high_release
MPLADS-2026-0484,2638000.0,2489000.0,2364330.81,3333218.19,69,412,403,1,expenditure_exceeds_sanction
MPLADS-2026-0411,20200000.0,18846000.0,10592397.11,10146864.47,55,432,221,0,none
MPLADS-2026-0162,3113000.0,2920000.0,1789533.11,1789533.11,69,457,295,0,none
MPLADS-2026-0436,7787000.0,7487000.0,6920879.39,6431351.38,99,176,173,0,none
MPLADS-2026-0134,3063000.0,2806000.0,1952830.74,1944706.43,73,511,356,0,none
MPLADS-2026-0150,21808000.0,21534000.0,4196824.02,4153762.91,21,540,103,0,none
MPLADS-2026-0122,15436000.0,15035000.0,4860372.45,4018482.89,31,302,109,0,none
MPLADS-2026-0067,6741000.0,6545000.0,5264508.47,4447068.93,73,91,67,0,none
MPLADS-2026-0340,8576000.0,8218000.0,1232700.0,410900.0,5,676,12,0,none
MPLADS-2026-0223,11498000.0,11411000.0,11411000.0,10768312.7,100,668,659,0,none
MPLADS-2026-0032,14617000.0,13510000.0,9145546.17,9145546.17,84,574,417,0,none
MPLADS-2026-0291,15553000.0,14143000.0,3520458.83,3520458.83,29,262,79,0,none
MPLADS-2026-0304,11058000.0,10928000.0,9063117.54,8239405.97,88,464,392,0,none
MPLADS-2026-0039,23200000.0,22702000.0,13610245.55,10674301.98,49,382,217,0,none
MPLADS-2026-0202,14129000.0,12878000.0,9532108.29,9532108.29,82,375,294,0,none
MPLADS-2026-0420,9308000.0,9211000.0,8982203.38,7628894.68,96,639,609,0,none
MPLADS-2026-0327,13511000.0,13022000.0,2186998.03,2186998.03,25,143,26,0,none
MPLADS-2026-0069,23059000.0,22190000.0,20338068.22,17878027.81,87,217,185,0,none
MPLADS-2026-0259,12937000.0,11670000.0,1750500.0,1280049.05,11,571,45,0,none
MPLADS-2026-0049,20927000.0,20307000.0,19096392.12,18523482.92,96,716,670,0,none
MPLADS-2026-0298,14260000.0,13289000.0,2458700.08,2458700.08,24,567,126,0,none
MPLADS-2026-0044,6532000.0,6267000.0,940050.0,587563.11,10,724,84,0,none
MPLADS-2026-0383,21142000.0,19517000.0,2927550.0,975850.0,5,244,3,0,none
MPLADS-2026-0235,22960000.0,21376000.0,3241944.19,3241944.19,27,491,67,0,none
MPLADS-2026-0191,1990000.0,1886000.0,880575.94,714136.79,41,501,219,0,none
MPLADS-2026-0459,12621000.0,11766000.0,5445691.24,4297266.03,42,380,173,0,none
MPLADS-2026-0359,19268000.0,19044000.0,4673890.64,4673890.64,31,106,31,0,none
MPLADS-2026-0212,1842000.0,1695000.0,464924.75,454302.58,30,306,71,0,none
MPLADS-2026-0267,18711000.0,18514000.0,8045419.03,7872856.75,46,485,174,0,none
MPLADS-2026-0433,2993000.0,2955000.0,1894736.34,1764463.5,65,281,188,0,none
MPLADS-2026-0460,21384000.0,20931000.0,3139650.0,1046550.0,5,139,12,0,none
